ICO,abecedni_seznam_obci,trideni,okres,ORP,typ_obce__I_II_III_,kod_okresu,kod_orp,kod_obce,kod_RUIAN,senatni_volebni_obvod,web,ID_datove_schranky,typ_uradu,nazev_uradu,sidlo_obce_ulice,sidlo_obce_cislo_domovni,mesto,PSC,podatelna___mail,podatelna___tel__cislo,ZS__ano_ne_,vidimace_a_legalizace__ano_ne_,DIC_neplátce_DPH,zemepisna_delka_X,zemepisna_sirka__Y,WKT_souradnice,FID,x,y
00262277,Albrechtice v Jizerských horách,Obec,Jablonec nad Nisou,Tanvald,I.,CZ0512,5108,563528,CZ051,35,www.albrechtice-jh.cz,3tnap4y,Obecní úřad,Obecní úřad Albrechtice v Jizerských horách,Albrechtice v Jizerských horách ,226,Albrechtice v Jizerských horách,46843,podatelna@albrechtice-jh.cz,483381504,ano,ano,CZ00262277,,50.7618203,POINT(50.7618203  15.2787553),1,1700823.25995103,6579270.14242743
00525511,Bedřichov,Obec,Jablonec nad Nisou,Jablonec nad Nisou,I.,CZ0512,5103,563536,CZ051,35,www.bedrichov.cz,97abtyg,Obecní úřad,Obecní úřad Bedřichov,Bedřichov ,218,Bedřichov,46812,obec@bedrichov.cz; podatelna@bedrichov.cz,483380163; 733126530,ne,ano,CZ00525511,,50.7899794,POINT(50.7899794  15.1458297),2,1686026.04984564,6584227.25633013
00275603,Bělá,Obec,Semily,Semily,I.,CZ0514,5107,576972,CZ051,35,www.belasm.cz,k9xatpz,Obecní úřad,Obecní úřad Bělá,Bělá ,142,Bělá,51401,bela.sm@worldonline.cz,775203677,ne,ano,CZ00275603,,50.5341611,POINT(50.5341611  15.4456056),3,1719396.95038573,6539302.23540753
00275581,Benecko,Obec,Semily,Jilemnice,I.,CZ0514,5104,576981,CZ051,35,www.obecbenecko.cz,s5sapb4,Obecní úřad,Obecní úřad Benecko,Benecko ,190,Benecko,51237,podatelna@obecbenecko.cz,481582625,ano,ano,CZ00275581,,50.6669433,POINT(50.6669433  15.5492444),4,1730933.96882816,6562589.96638841
00275590,Benešov u Semil,Obec,Semily,Semily,I.,CZ0514,5107,576999,CZ051,35,www.benesovusemil.cz,shxbp99,Obecní úřad,Obecní úřad Benešov u Semil,Benešov u Semil ,125,Benešov u Semil,51206,obec@benesovusemil.cz,481622793,ano,ano,CZ00275590,,50.6031908,POINT(50.6031908  15.3735739),5,1711378.41822076,6551400.66581932
00673382,Bezděz,Obec,Česká Lípa,Česká Lípa,I.,CZ0511,5101,561398,CZ051,36,www.bezdez.cz,yrxapak,Obecní úřad,Obecní úřad Bezděz,Bezděz ,102,Bezděz,47201,obec@bezdez.cz,487873120; 606624484,ne,ne,CZ00673382,,50.5337183,POINT(50.5337183  14.7224964),6,1638900.8024538,6539224.68562829
00262668,Bílá,Obec,Liberec,Liberec,I.,CZ0513,5105,563901,CZ051,34,www.ou-bila.cz,f98an2b,Obecní úřad,Obecní úřad Bílá,Bílá ,76,Bílá,46343,info@ou-bila.cz,482727061,ne,ne,není plátce DPH,,50.6637394,POINT(50.6637394  15.0392750),7,1674164.43490001,6562027.28253728
00672106,Bílý Kostel nad Nisou,Obec,Liberec,Liberec,I.,CZ0513,5105,563919,CZ051,36,www.bily-kostel.cz,ic4bjj7,Obecní úřad,Obecní úřad Bílý Kostel nad Nisou,Bílý Kostel nad Nisou ,206,Bílý Kostel nad Nisou,46331,obec@bily-kostel.cz,485143418; 702291136,ano,ano,není plátce DPH,,50.8232192,POINT(50.8232192  14.9245281),8,1661390.8684219,6590082.6185156
00831417,Bílý Potok,Obec,Liberec,Frýdlant,I.,CZ0513,5102,546631,CZ051,34,www.bily-potok.cz,4nfb5j4,Obecní úřad,Obecní úřad Bílý Potok,Bílý Potok ,337,Bílý Potok,46362,obec@bily-potok.cz,482323368; 482322152,ano,ano,CZ00831417,,50.8732614,POINT(50.8732614  15.2242911),9,1694760.33294057,6598905.67724503
00673099,Blatce,Obec,Česká Lípa,Česká Lípa,I.,CZ0511,5101,561401,CZ051,36,www.blatce.cz,vfab6y2,Obecní úřad,Obecní úřad Blatce,Houska ,79,Blatce,47201,blatce@blatce.cz,487 876268,ne,ne,není plátce DPH,,50.4972094,POINT(50.4972094  14.6168872),10,1627144.44008672,6532833.20180934
00524743,Blíževedly,Obec,Česká Lípa,Česká Lípa,I.,CZ0511,5101,561410,CZ051,36,www.obecblizevedly.cz,g35b7ap,Obecní úřad,Obecní úřad Blíževedly,Blíževedly ,10,Blíževedly,47104,blizevedly@cmail.cz,487867038,ne,ano,není plátce DPH,,50.6078847,POINT(50.6078847  14.3991786),11,1602909.2295934,6552223.9822353
00673340,Bohatice,Obec,Česká Lípa,Česká Lípa,I.,CZ0511,5101,561428,CZ051,36,www.bohatice.cz,2ivan5c,Obecní úřad,Obecní úřad Bohatice,Bohatice ,79,Bohatice,47002,obecbohatice@tiscali.cz,487857206,ne,ne,není plátce DPH,,50.6689936,POINT(50.6689936  14.6793458),12,1634097.29963438,6562950.06977895
00275611,Bozkov,Obec,Semily,Semily,I.,CZ0514,5107,577006,CZ051,35,www.obecbozkov.cz,bz9an9g,Obecní úřad,Obecní úřad Bozkov,Bozkov ,270,Bozkov,51213,obec@obecbozkov.cz,481682169,ano,ano,není plátce DPH,,50.6403461,POINT(50.6403461  15.3372500),13,1707334.86016914,6557920.00522431
00275620,Bradlecká Lhota,Obec,Semily,Semily,I.,CZ0514,5107,577014,CZ051,35,www.bradleckalhota.cz,tynbsf4,Obecní úřad,Obecní úřad Bradlecká Lhota,Bradlecká Lhota ,74,Bradlecká Lhota,50713,obec@bradleckalhota.cz,481672423,ne,ano,není plátce DPH,,50.4858594,POINT(50.4858594  15.3967872),14,1713962.51095639,6530847.20420794
00260401,Brniště,Obec,Česká Lípa,Česká Lípa,I.,CZ0511,5101,561444,CZ051,36,www.brniste.cz,8pyavir,Obecní úřad,Obecní úřad Brniště,Brniště ,102,Brniště,47129,obec@brniste.cz,602391245,ano,ano,není plátce DPH,,50.7221758,POINT(50.7221758  14.7088625),15,1637383.08364828,6572296.19815597
00275646,Bukovina u Čisté,Obec,Semily,Jilemnice,I.,CZ0514,5104,577031,CZ051,35,www.bukovina.cz,3w3apby,Obecní úřad,Obecní úřad Bukovina u Čisté,Bukovina u Čisté ,19,Bukovina u Čisté,51401,oubukovina@cmail.cz,603464203,ne,ano,není plátce DPH,,50.5433981,POINT(50.5433981  15.5785864),16,1734200.30532702,6540920.12343116
00262692,Bulovka,Obec,Liberec,Frýdlant,I.,CZ0513,5102,563935,CZ051,34,www.bulovka.eu,3mfbmwy,Obecní úřad,Obecní úřad Bulovka,Bulovka ,101,Bulovka,46401,obecurad-bulovka@volny.cz,602124600,ano,ano,není plátce DPH,,50.9687917,POINT(50.9687917  15.1221697),17,1683392.23069347,6615775.1912982
00275654,Bystrá nad Jizerou,Obec,Semily,Semily,I.,CZ0514,5107,577049,CZ051,35,www.bystranadjizerou.cz,2pajds2,Obecní úřad,Obecní úřad Bystrá nad Jizerou,Bystrá nad Jizerou ,14,Bystrá nad Jizerou,51301,obec@bystranadjizerou.cz; bystranadjizerou@seznam.cz,724179810,ne,ne,není plátce DPH,,50.6046886,POINT(50.6046886  15.4018631),18,1714527.55755971,6551663.37304525
00672114,Cetenov,Obec,Liberec,Liberec,I.,CZ0513,5105,563943,CZ051,36,www.sweb.cz/cetenov,4f4ajet,Obecní úřad,Obecní úřad Cetenov,Hrubý Lesnov ,44,Cetenov,46348,podatelna@cetenov.cz,777992005,ne,ano,není plátce DPH,,50.6499017,POINT(50.6499017  14.9274669),19,1661718.01414145,6559597.48205702
00260410,Cvikov,Město,Česká Lípa,Nový Bor,II.,CZ0511,5106,561479,CZ051,36,www.cvikov.cz,4j4bevp,Městský úřad,Městský úřad Cvikov,nám. Osvobození ,63,Cvikov,47154,mesto@cvikov.cz,487829010,ano,ano,CZ00260410,,50.7773219,POINT(50.7773219  14.6339775),20,1629046.92358022,6581998.66707206
00672084,Černousy,Obec,Liberec,Frýdlant,I.,CZ0513,5102,545996,CZ051,34,www.cernousy.cz,cjpb4ad,Obecní úřad,Obecní úřad Černousy,Černousy ,72,Černousy,46373,obec_cernousy@volny.cz; podatelna@cernousy.cz,482345065,ne,ano,CZ00672084,,51.0092936,POINT(51.0092936  15.0375047),21,1673967.36600546,6622937.81765027
00260428,Česká Lípa,Město,Česká Lípa,Česká Lípa,III.,CZ0511,5101,561380,CZ051,36,www.mucl.cz,bkfbe3p,Městský úřad,Městský úřad Česká Lípa,nám. T. G. Masaryka ,1,Česká Lípa,47036,podatelna@mucl.cz,487881111,ano,ne,CZ00260428,,50.6865897,POINT(50.6865897  14.5379300),22,1618354.96478826,6566041.19863766
00262722,Český Dub,Město,Liberec,Liberec,II.,CZ0513,5105,563960,CZ051,34,www.cdub.cz,4c4b45x,Městský úřad,Městský úřad Český Dub,nám. B. Smetany,,Český Dub,46343,mestsky.urad@cdub.cz,485147051,ano,ano,CZ00262722,,50.6605914,POINT(50.6605914  14.9960058),23,1669347.72958898,6561474.45349703
00275662,Čistá u Horek,Obec,Semily,Jilemnice,I.,CZ0514,5104,577057,CZ051,35,www.cistauhorek.cz,zvabvmz,Obecní úřad,Obecní úřad Čistá u Horek,Čistá u Horek ,152,Čistá u Horek,51235,ou.cista@iol.cz,481596105,ano,ano,CZ00275662,,50.5313175,POINT(50.5313175  15.6037619),24,1737002.82916748,6538804.23418548
00672092,Čtveřín,Obec,Liberec,Turnov,I.,CZ0513,5109,544531,CZ051,34,www.ctverin-doubi.cz,32ybu5x,Obecní úřad,Obecní úřad Čtveřín,Čtveřín ,95,Čtveřín,46345,obec@ctverin-doubi.cz,485146118,ne,ano,není plátce DPH,,50.5987706,POINT(50.5987706  15.0993222),25,1680848.85862757,6550625.43183084
43256201,Dalešice,Obec,Jablonec nad Nisou,Jablonec nad Nisou,I.,CZ0512,5103,530425,CZ051,35,www.oudalesice.cz,ichapb8,Obecní úřad,Obecní úřad Dalešice,Dalešice ,67,Dalešice,46802,oudalesice@seznam.cz,606489845,ne,ano,není plátce DPH,,50.6825319,POINT(50.6825319  15.1850375),26,1690390.64217676,6565328.2570231
00262307,Desná,Město,Jablonec nad Nisou,Tanvald,I.,CZ0512,5108,563552,CZ051,35,www.mesto-desna.cz,8pva7vt,Městský úřad,Městský úřad Desná,Krkonošská ,318,Desná,46861,epodatelna@mesto-desna.cz,737248436,ano,ano,CZ00262307,,50.7549675,POINT(50.7549675  15.3138808),27,1704733.41272489,6578064.23030352
00831468,Dětřichov,Obec,Liberec,Frýdlant,I.,CZ0513,5102,546607,CZ051,34,www.detrichov-obec.cz,rr7bjdf,Obecní úřad,Obecní úřad Dětřichov,Dětřichov ,2,Dětřichov,46401,podatelna@detrichov-obec.cz,482317042,ano,ano,není plátce DPH,,50.8933275,POINT(50.8933275  15.0366978),28,1673877.54230834,6602446.23965096
46744941,Dlouhý Most,Obec,Liberec,Liberec,I.,CZ0513,5105,530468,CZ051,34,www.dlouhy-most.cz,8fzbywa,Obecní úřad,Obecní úřad Dlouhý Most,Dlouhý Most ,193,Dlouhý Most,46312,dlouhymost@volny.cz,485149017,ne,ano,není plátce DPH,,50.7110181,POINT(50.7110181  15.0766886),29,1678329.29780075,6570334.48865117
00260444,Doksy,Město,Česká Lípa,Česká Lípa,II.,CZ0511,5101,561495,CZ051,36,www.doksy.com,cpabet5,Městský úřad,Městský úřad Doksy,nám. Republiky ,193,Doksy,47201,urad@doksy.com; epodatelna@doksy.com,487882410; 487882411,ano,ano,CZ00260444,,50.5636025,POINT(50.5636025  14.6552578),30,1631415.83574015,6544460.08919934
00262757,Dolní Řasnice,Obec,Liberec,Frýdlant,I.,CZ0513,5102,563994,CZ051,34,www.dolni-rasnice.cz,c9dajfj,Obecní úřad,Obecní úřad Dolní Řasnice,Dolní Řasnice ,153,Dolní Řasnice,46367,o.u.d.rasnice@seznam.cz,482341060,ano,ano,není plátce DPH,,50.9416506,POINT(50.9416506  15.1491325),31,1686393.71585983,6610978.87232706
00262315,Držkov,Obec,Jablonec nad Nisou,Železný Brod,I.,CZ0512,5110,563561,CZ051,35,www.drzkov.cz,hnean8w,Obecní úřad,Obecní úřad Držkov,Držkov ,9,Držkov,46824,drzkov@drzkov.cz,483385042/115,ne,ano,není plátce DPH,,50.6875583,POINT(50.6875583  15.3033583),32,1703562.05338302,6566211.38746833
00260479,Dubá,Město,Česká Lípa,Česká Lípa,I.,CZ0511,5101,561533,CZ051,36,www.mestoduba.cz,75ybej8,Městský úřad,Městský úřad Dubá,Masarykovo nám. ,138,Dubá,47141,podatelna@mestoduba.cz,487870201; 606372922,ano,ano,CZ00260479,,50.5390942,POINT(50.5390942  14.5409714),33,1618693.53188755,6540166.24312256
00525707,Dubnice,Obec,Česká Lípa,Česká Lípa,I.,CZ0511,5101,561541,CZ051,36,www.obecdubnice.cz,a7vasqg,Obecní úřad,Obecní úřad Dubnice,Dubnice ,240,Dubnice,47126,oudubnice@iol.cz,487851961; 724823850,ano,ano,CZ00525707,,50.7252242,POINT(50.7252242  14.8089697),34,1648526.96617702,6572832.23889042
00262781,Frýdlant,Město,Liberec,Frýdlant,III.,CZ0513,5102,564028,CZ051,34,www.frydlantvc.cz,t27bufd,Městský úřad,Městský úřad Frýdlant,nám. T. G. Masaryka ,37,Frýdlant,46401,podatelna@mu-frydlant.cz,488886111,ano,ne,CZ00262781,,50.9220894,POINT(50.9220894  15.0784808),35,1678528.80459215,6607523.79348161
00262323,Frýdštejn,Obec,Jablonec nad Nisou,Turnov,I.,CZ0512,5109,563579,CZ051,35,www.obec-frydstejn.cz,psfbk4n,Obecní úřad,Obecní úřad Frýdštejn,Frýdštejn ,80,Frýdštejn,46342,starosta@frydstejn.cz,483393060,ne,ano,není plátce DPH,,50.6505942,POINT(50.6505942  15.1587783),36,1687467.48140413,6559719.06305652
00262790,Habartice,Obec,Liberec,Frýdlant,I.,CZ0513,5102,564036,CZ051,34,www.obechabartice.cz,57vbk32,Obecní úřad,Obecní úřad Habartice,Habartice ,191,Habartice,46373,podatelna@obechabartice.cz,482345024,ano,ano,není plátce DPH,,51.0185831,POINT(51.0185831  15.0653556),37,1677067.71401159,6624581.51649012
00275689,Háje nad Jizerou,Obec,Semily,Semily,I.,CZ0514,5107,577073,CZ051,35,www.hajenadjizerou.cz,butbum9,Obecní úřad,Obecní úřad Háje nad Jizerou,Loukov ,61,Háje nad Jizerou,51301,obec@hajenadjizerou.cz; obec.haje@seznam.cz,481685232,ano,ano,není plátce DPH,,50.6140825,POINT(50.6140825  15.4062214),38,1715012.72129643,6553311.21058515
00673498,Hamr na Jezeře,Obec,Česká Lípa,Česká Lípa,I.,CZ0511,5101,544337,CZ051,36,www.obechamr.cz,wbhbjke,Obecní úřad,Obecní úřad Hamr na Jezeře,Děvínská ,1,Hamr na Jezeře,47128,obec@obechamr.cz,487851822,ano,ano,CZ00673498,,50.7019781,POINT(50.7019781  14.8386250),39,1651828.17907234,6568745.44845278
00275697,Harrachov,Město,Semily,Tanvald,I.,CZ0512,5108,577081,CZ051,35,www.harrachov.cz,y5mbee4,Městský úřad,Městský úřad Harrachov,Harrachov ,150,Harrachov,51246,mesto@harrachov.cz,481528133,ano,ano,CZ00275697,,50.7765519,POINT(50.7765519  15.4244786),40,1717045.10350375,6581863.11365628
00262803,Hejnice,Město,Liberec,Frýdlant,I.,CZ0513,5102,564044,CZ051,34,www.mestohejnice.cz,6rsbedk,Městský úřad,Městský úřad Hejnice,Nádražní ul. ,521,Hejnice,46362,info@mestohejnice.cz,482322211,ano,ano,CZ00262803,,50.8789322,POINT(50.8789322  15.1840625),41,1690282.10567324,6599906.10681501
00672068,Heřmanice,Obec,Liberec,Frýdlant,I.,CZ0513,5102,544353,CZ051,34,www.hermanice.com,swkbz9f,Obecní úřad,Obecní úřad Heřmanice,Heřmanice ,2,Heřmanice,46401,hermanice@volny.cz,482317119,ne,ano,CZ00672068,,50.8957153,POINT(50.8957153  15.0042986),42,1670270.87986223,6602867.65649767
00672050,Hlavice,Obec,Liberec,Liberec,I.,CZ0513,5105,564052,CZ051,36,www.obechlavice.cz,v4pbk6g,Obecní úřad,Obecní úřad Hlavice,Hlavice ,54,Hlavice,46348,hlavice@volny.cz,485148962,ano,ne,není plátce DPH,,50.6321269,POINT(50.6321269  14.9241472),43,1661348.46682786,6556477.40503015
00262820,Hodkovice nad Mohelkou,Město,Liberec,Liberec,II.,CZ0513,5105,564061,CZ051,34,www.hodkovicenm.cz,d6pb2ww,Městský úřad,Městský úřad Hodkovice nad Mohelkou,nám. T. G. Masaryka ,1,Hodkovice nad Mohelkou,46342,mu@hodkovicenm.cz,485145353,ano,ano,CZ00262820,,50.6660189,POINT(50.6660189  15.0899344),44,1679803.8135119,6562427.61501101
00260525,Holany,Městys,Česká Lípa,Česká Lípa,I.,CZ0511,5101,561584,CZ051,36,www.holany.cz,yaabwzf,Úřad městyse,Úřad městyse Holany,Holany ,43,Holany,47002,podatelna@holany.cz,487877524,ano,ano,CZ00260525,,50.6181583,POINT(50.6181583  14.4933794),45,1613395.61468172,6554026.27225662
00275727,Holenice,Obec,Semily,Turnov,I.,CZ0514,5109,577111,CZ051,35,www.holenice.cz,3iqb8kx,Obecní úřad,Obecní úřad Holenice,Holenice ,71,Holenice,50601,obec.holenice@seznam.cz,604489089,ne,ne,není plátce DPH,,50.5202917,POINT(50.5202917  15.3005558),46,1703250.08051007,6536873.56358201
00854671,Horka u Staré Paky,Obec,Semily,Jilemnice,I.,CZ0514,5104,574201,CZ051,35,www.horkaustarepaky.cz,nkdazf6,Obecní úřad,Obecní úřad Horka u Staré Paky,Horka u Staré Paky ,41,Horka u Staré Paky,51234,info@horkaustarepaky.cz,481595485,ne,ano,není plátce DPH,,50.5272872,POINT(50.5272872  15.5752794),47,1733832.17177096,6538098.45696084
00275735,Horní Branná,Obec,Semily,Jilemnice,I.,CZ0514,5104,577120,CZ051,35,www.hbranna.cz,52zaudf,Obecní úřad,Obecní úřad Horní Branná,Horní Branná ,262,Horní Branná,51236,ou@hbranna.cz; starosta@hbranna.cz,481584178; 481584179,ano,ano,CZ00275735,,50.6107547,POINT(50.6107547  15.5691383),48,1733148.54764605,6552727.42458631
00555444,Horní Libchava,Obec,Česká Lípa,Česká Lípa,I.,CZ0511,5101,561592,CZ051,36,www.obechornilibchava.cz,vwrbjx9,Obecní úřad,Obecní úřad Horní Libchava,Horní Libchava ,60,Horní Libchava,47111,starosta@hornilibchava.eu,487837400,ano,ano,není plátce DPH,,50.7126806,POINT(50.7126806  14.4923833),49,1613284.72933694,6570626.7542358
00524662,Horní Police,Obec,Česká Lípa,Česká Lípa,I.,CZ0511,5101,561606,CZ051,36,www.hornipolice.cz,rgubix8,Obecní úřad,Obecní úřad Horní Police,nám. Odboje ,12,Horní Police,47106,obecniurad@hornipolice.cz; starosta@hornipolice.cz,487861337,ano,ano,CZ00524662,,50.7041897,POINT(50.7041897  14.4023519),50,1603262.47973354,6569134.17250141
00672041,Horní Řasnice,Obec,Liberec,Frýdlant,I.,CZ0513,5102,564079,CZ051,34,www.hornirasnice.cz,4tpbkvd,Obecní úřad,Obecní úřad Horní Řasnice,Horní Řasnice ,230,Horní Řasnice,46401,obec@hornirasnice.cz,482341018,ne,ano,CZ00672041,,50.9642686,POINT(50.9642686  15.1997053),51,1692023.45420382,6614975.68388594
00262854,Hrádek nad Nisou,Město,Liberec,Liberec,II.,CZ0513,5105,564095,CZ051,36,www.hradek.cz,4tkbw8g,Městský úřad,Městský úřad Hrádek nad Nisou,Horní nám. ,73,Hrádek nad Nisou,46334,mestohradek@muhradek.cz,482411400,ano,ano,CZ00262854,,50.8543408,POINT(50.8543408  14.8439308),52,1652418.81802659,6595568.62857144
00275751,Hrubá Skála,Obec,Semily,Turnov,I.,CZ0514,5109,577146,CZ051,38,www.obechrubaskala.cz,ieubdzk,Obecní úřad,Obecní úřad Hrubá Skála,Doubravice ,37,Hrubá Skála,51101,hrubaskala@craj.cz,481389527,ne,ano,CZ00275751,,50.5450550,POINT(50.5450550  15.2032997),53,1692423.58098153,6541210.36791325
00483362,Chlum,Obec,Česká Lípa,Česká Lípa,I.,CZ0511,5101,561614,CZ051,36,www.ou-chlum.cz,jfcan3n,Obecní úřad,Obecní úřad Chlum,Chlum ,95,Chlum,47201,info@ou-chlum.cz,487870289,ne,ne,CZ00483362,,50.5780733,POINT(50.5780733  14.5621228),54,1621048.09496512,6546996.41719526
00831590,Chotovice,Obec,Česká Lípa,Nový Bor,I.,CZ0511,5106,561622,CZ051,36,www.obecchotovice.cz,ar8eds2,Obecní úřad,Obecní úřad Chotovice,Chotovice ,8,Chotovice,47301,horyna@obecchotovice.cz,722931062,ne,ano,CZ00831590,,50.7388483,POINT(50.7388483  14.5620700),55,1621042.21729601,6575228.37202108
00672033,Chotyně,Obec,Liberec,Liberec,I.,CZ0513,5105,564109,CZ051,36,www.chotyne.cz,jpmbey9,Obecní úřad,Obecní úřad Chotyně,Chotyně ,163,Chotyně,46334,ou.chotyne@volny.cz,724186466,ano,ano,CZ00672033,,50.8358228,POINT(50.8358228  14.8687744),56,1655184.39492806,6592303.89756264
00262871,Chrastava,Město,Liberec,Liberec,II.,CZ0513,5105,564117,CZ051,36,www.chrastava.cz,awcbeyc,Městský úřad,Městský úřad Chrastava,nám. 1. máje,1,Chrastava,46331,podatelna@chrastava.cz,482363811,ano,ano,CZ00262871,,50.8169883,POINT(50.8169883  14.9695689),57,1666404.78734282,6588984.69601051
00275760,Chuchelna,Obec,Semily,Semily,I.,CZ0514,5107,577154,CZ051,35,www.chuchelna.cz,ib5bypj,Obecní úřad,Obecní úřad Chuchelna,Chuchelna ,269,Chuchelna,51301,obec@chuchelna.cz,481622702; 724730042,ne,ano,není plátce DPH,,50.6045008,POINT(50.6045008  15.3019689),58,1703407.38608251,6551630.43333115
00275778,Jablonec nad Jizerou,Město,Semily,Jilemnice,I.,CZ0514,5104,577162,CZ051,35,www.jablonecnjiz.cz,qh7bryj,Městský úřad,Městský úřad Jablonec nad Jizerou,Jablonec nad Jizerou ,277,Jablonec nad Jizerou,51243,mesto@jablonecnjiz.cz,481591922,ano,ano,CZ00275778,,50.7032542,POINT(50.7032542  15.4298464),59,1717642.64426643,6568969.74118664
00262340,Jablonec nad Nisou,Statutární město,Jablonec nad Nisou,Jablonec nad Nisou,III.,CZ0512,5103,563510,CZ051,35,www.mestojablonec.cz,wufbr2a,Magistrát města,Magistrát města Jablonec nad Nisou,Mírové náměstí,,Jablonec nad Nisou,46601,epodatelna@mestojablonec.cz,483357111,ano,ne,CZ00262340,,50.7245225,POINT(50.7245225  15.1712792),60,1688859.07522658,6572708.84655261
00260576,Jablonné v Podještědí,Město,Liberec,Liberec,II.,CZ0513,5105,561631,CZ051,36,www.jablonnevp.cz,5gtbz44,Městský úřad,Městský úřad Jablonné v Podještědí,nám. Míru ,22,Jablonné v Podještědí,47125,info@jvpmesto.cz,487829961,ano,ano,CZ00260576,,50.7652578,POINT(50.7652578  14.7608369),61,1643168.84739056,6579875.11831055
00262358,Janov nad Nisou,Obec,Jablonec nad Nisou,Jablonec nad Nisou,I.,CZ0512,5103,563595,CZ051,35,www.janov-n-n.cz,q46attp,Obecní úřad,Obecní úřad Janov nad Nisou,Janov nad Nisou ,520,Janov nad Nisou,46811,podatelna@janov-n-n.cz; starosta@janov-n-n.cz,488880511; 725076566,ano,ano,CZ00262358,,50.7729842,POINT(50.7729842  15.1679778),62,1688491.56505968,6581235.0727529
00525499,Janovice v Podještědí,Obec,Liberec,Liberec,I.,CZ0513,5105,561657,CZ051,36,www.janovicevpodjestedi.eu,vk8b77b,Obecní úřad,Obecní úřad Janovice v Podještědí,Janovice v Podještědí ,90,Janovice v Podještědí,46353,ou-janovice@seznam.cz,602220776,ne,ne,není plátce DPH,,50.7636522,POINT(50.7636522  14.8221842),63,1649997.99758811,6579592.53844354
00831395,Janův Důl,Obec,Liberec,Liberec,I.,CZ0513,5105,546658,CZ051,36,www.januvdul.cz,qhkavqm,Obecní úřad,Obecní úřad Janův Důl,Janův Důl ,75,Janův Důl,46352,obec@januvdul.cz,778526146,ne,ne,není plátce DPH,,50.7044758,POINT(50.7044758  14.9448086),64,1663648.48335494,6569184.46048855
00262366,Jenišovice,Obec,Jablonec nad Nisou,Turnov,I.,CZ0512,5109,563609,CZ051,35,www.jenisovice.cz,6mhbhxv,Obecní úřad,Obecní úřad Jenišovice,Jenišovice ,67,Jenišovice,46833,bradac@jenisovice.cz; ou@jenisovice.cz,483393160; 737487981,ano,ano,není plátce DPH,,50.6276967,POINT(50.6276967  15.1375564),65,1685105.07030246,6555699.93915247
46744959,Jeřmanice,Obec,Liberec,Liberec,I.,CZ0513,5105,530484,CZ051,34,www.jermanice.cz,ehaan7h,Obecní úřad,Obecní úřad Jeřmanice,Pastevní ,274,Jeřmanice,46312,obecniurad@jermanice.cz,485145189,ne,ano,není plátce DPH,,50.6992122,POINT(50.6992122  15.0938103),66,1680235.27672627,6568259.32312035
00275786,Jesenný,Obec,Semily,Semily,I.,CZ0514,5107,577171,CZ051,35,www.jesenny.cz,44xbxnp,Obecní úřad,Obecní úřad Jesenný,Jesenný ,13,Jesenný,51212,obec@jesenny.cz; ,481683166,ano,ano,CZ00275786,,50.6629728,POINT(50.6629728  15.3427950),67,1707952.12674558,6561892.65436439
00275794,Jestřabí v Krkonoších,Obec,Semily,Jilemnice,I.,CZ0514,5104,577189,CZ051,35,www.jestrabivkrk.cz,4gvasyk,Obecní úřad,Obecní úřad Jestřabí v Krkonoších,Roudnice ,42,Jestřabí v Krkonoších,51401,obec@jestrabivkrk.cz,481582729,ne,ano,CZ00275794,,50.6764467,POINT(50.6764467  15.5081839),68,1726363.13487644,6564259.22368624
00260878,Jestřebí,Obec,Česká Lípa,Česká Lípa,I.,CZ0511,5101,561665,CZ051,36,www.jestrebi.eu,v2xbsq3,Obecní úřad,Obecní úřad Jestřebí,Jestřebí ,142,Jestřebí,47161,obec@jestrebi.eu,487834930-931; 487877133,ano,ano,CZ00260878,,50.6082533,POINT(50.6082533  14.5849717),69,1623591.62287831,6552288.63865258
00275808,Jilemnice,Město,Semily,Jilemnice,III.,CZ0514,5104,577197,CZ051,35,www.mestojilemnice.cz,g2nbdtx,Městský úřad,Městský úřad Jilemnice,Masarykovo nám. ,82,Jilemnice,51401,posta@mesto.jilemnice.cz,481565111,ano,ne,CZ00275808,,50.6089453,POINT(50.6089453  15.5059881),70,1726118.69953856,6552410.02428756
00525529,Jílové u Držkova,Obec,Jablonec nad Nisou,Železný Brod,I.,CZ0512,5110,563617,CZ051,35,www.jiloveudrzkova.cz,d2hbt55,Obecní úřad,Obecní úřad Jílové u Držkova,Jílové u Držkova ,87,Jílové u Držkova,46822,info@jiloveudrzkova.cz,483385084,ne,ano,není plátce DPH,,50.6736633,POINT(50.6736633  15.2915439),71,1702246.88039099,6563770.28884915
00672025,Jindřichovice pod Smrkem,Obec,Liberec,Frýdlant,I.,CZ0513,5102,564133,CZ051,34,www.jindrichovice.cz,xf4bdsb,Obecní úřad,Obecní úřad Jindřichovice pod Smrkem,Jindřichovice pod Smrkem ,245,Jindřichovice pod Smrkem,46366,ou@jindrichovice.cz,482360366,ano,ano,CZ00672025,,50.9604436,POINT(50.9604436  15.2487061),72,1697478.19830828,6614299.63403215
00832022,Jiřetín pod Bukovou,Obec,Jablonec nad Nisou,Tanvald,I.,CZ0512,5108,546585,CZ051,35,www.jiretinpb.cz,94rbry9,Obecní úřad,Obecní úřad Jiřetín pod Bukovou,Jiřetín pod Bukovou ,103,Jiřetín pod Bukovou,46843,jiretinpb@jiretinpb.cz,732118938,ne,ano,CZ00832022,,50.7574181,POINT(50.7574181  15.2657636),73,1699377.03052249,6578495.45101036
00262391,Josefův Důl,Obec,Jablonec nad Nisou,Jablonec nad Nisou,I.,CZ0512,5103,563633,CZ051,35,www.josefuvdul.eu,yh6a5y2,Obecní úřad,Obecní úřad Josefův Důl,Dolní Maxov ,218,Josefův Důl,46844,podatelna@josefuvdul.eu,483381096,ano,ano,není plátce DPH,,50.7787519,POINT(50.7787519  15.2381314),74,1696301.02808899,6582250.41505125
00275816,Kacanovy,Obec,Semily,Turnov,I.,CZ0514,5109,577201,CZ051,38,www.kacanovy.craj.cz,6d4an93,Obecní úřad,Obecní úřad Kacanovy,Kacanovy ,51,Kacanovy,51101,urad@obec-kacanovy.cz,481329111,ne,ano,není plátce DPH,,50.5511450,POINT(50.5511450  15.1455608),75,1685996.11603457,6542277.26036569
00260622,Kamenický Šenov,Město,Česká Lípa,Nový Bor,I.,CZ0511,5106,561681,CZ051,36,www.kamenicky-senov.cz,qb6b24f,Městský úřad,Městský úřad Kamenický Šenov,Osvobození ,470,Kamenický Šenov,47114,podatelna@kamenicky-senov.cz,487712011,ano,ano,CZ00260622,,50.7746078,POINT(50.7746078  14.4724997),76,1611071.2971098,6581520.87761839
00275824,Karlovice,Obec,Semily,Turnov,I.,CZ0514,5109,577219,CZ051,38,www.karlovice-sedmihorky.cz,zq4bnua,Obecní úřad,Obecní úřad Karlovice,Karlovice ,12,Karlovice,51101,obec@karlovice-sedmihorky.cz,481389580,ne,ano,CZ00275824,,50.5599131,POINT(50.5599131  15.2102108),77,1693192.92111435,6543813.56479368
00580813,Klokočí,Obec,Semily,Turnov,I.,CZ0514,5109,577227,CZ051,38,www.klokociceskyraj.cz,xdran4x,Obecní úřad,Obecní úřad Klokočí,Klokočí ,65,Klokočí,51101,obec@klokociceskyraj.cz,603722842,ne,ano,není plátce DPH,,50.5995539,POINT(50.5995539  15.2217239),78,1694474.5535438,6550762.80509906
00262404,Koberovy,Obec,Jablonec nad Nisou,Železný Brod,I.,CZ0512,5110,563641,CZ051,35,www.koberovy.cz,x7ubin6,Obecní úřad,Obecní úřad Koberovy,Koberovy ,102,Koberovy,46822,podatelna@koberovy.cz,483389346,ano,ano,není plátce DPH,,50.6230925,POINT(50.6230925  15.2283428),79,1695211.36612141,6554892.01524459
00672017,Kobyly,Obec,Liberec,Turnov,I.,CZ0513,5109,564141,CZ051,34,www.kobyly-obec.cz,zv3b47u,Obecní úřad,Obecní úřad Kobyly,Kobyly ,9,Kobyly,46345,kobyly@volny.cz,482728180,ano,ano,není plátce DPH,,50.6098664,POINT(50.6098664  15.0050511),80,1670354.64777905,6552571.59975741
00262421,Kořenov,Obec,Jablonec nad Nisou,Tanvald,I.,CZ0512,5108,563668,CZ051,35,www.korenov.cz,7i7bp2y,Obecní úřad,Obecní úřad Kořenov,Kořenov ,480,Kořenov,46849,starosta@korenov.cz,483399035,ano,ano,CZ00262421,,50.7554219,POINT(50.7554219  15.3610064),81,1709979.41052022,6578144.18725713
00275841,Košťálov,Obec,Semily,Semily,I.,CZ0514,5107,577235,CZ051,35,www.kostalov.cz,vb3bi3x,Obecní úřad,Obecní úřad Košťálov,Košťálov ,201,Košťálov,51202,obec@kostalov.cz,481689200; 734856204,ano,ano,CZ00275841,,50.5722042,POINT(50.5722042  15.4031094),82,1714666.29504109,6545967.63360278
00831522,Kozly,Obec,Česká Lípa,Česká Lípa,I.,CZ0511,5101,546232,CZ051,36,www.oukozly.cz,sj4jdvi,Obecní úřad,Obecní úřad Kozly,Kozly ,93,Kozly,47001,info@oukozly.cz,487826951; 606032932,ne,ne,není plátce DPH,,50.6548256,POINT(50.6548256  14.4570558),83,1609352.09002594,6560462.00140146
00672009,Krásný Les,Obec,Liberec,Frýdlant,I.,CZ0513,5102,564168,CZ051,34,www.krasny-les.cz,5vxaqdx,Obecní úřad,Obecní úřad Krásný Les,Krásný Les ,122,Krásný Les,46401,krasny.les@cmail.cz,482341071,ano,ne,není plátce DPH,,50.9397233,POINT(50.9397233  15.1395603),84,1685328.14343006,6610638.39035289
00260657,Kravaře,Obec,Česká Lípa,Česká Lípa,I.,CZ0511,5101,561720,CZ051,36,www.kravarecl.cz,darbn9b,Obecní úřad,Obecní úřad Kravaře,nám. Míru ,166,Kravaře,47103,ou.kravare@tiscali.cz,487868220,ano,ano,není plátce DPH,,50.6331519,POINT(50.6331519  14.3924683),85,1602162.24241433,6556657.2950491
00673421,Krompach,Obec,Česká Lípa,Nový Bor,I.,CZ0511,5106,561738,CZ051,36,www.obec-krompach.cz,823aqec,Obecní úřad,Obecní úřad Krompach,Krompach ,49,Krompach,47157,ucetni@obec-krompach.cz,488572213,ano,ne,CZ00673421,,50.8279442,POINT(50.8279442  14.7010642),86,1636514.98086322,6590915.28995976
00275859,Kruh,Obec,Semily,Jilemnice,I.,CZ0514,5104,577243,CZ051,35,www.obeckruh.cz,488bt4d,Obecní úřad,Obecní úřad Kruh,Kruh ,165,Kruh,51401,ou.kruh@seznam.cz,481587591; 606280856,ne,ano,CZ00275859,,50.5659658,POINT(50.5659658  15.4790036),87,1723114.79873925,6544874.25661246
00671991,Kryštofovo Údolí,Obec,Liberec,Liberec,I.,CZ0513,5105,564176,CZ051,36,www.krystofovoudoli.eu,8u2azi8,Obecní úřad,Obecní úřad Kryštofovo Údolí,Kryštofovo Údolí ,166,Kryštofovo Údolí,46002,info@kudoli.cz,722634282,ne,ano,není plátce DPH,,50.7733367,POINT(50.7733367  14.9320294),88,1662225.90931819,6581297.12304001
00262943,Křižany,Obec,Liberec,Liberec,I.,CZ0513,5105,564184,CZ051,36,www.obeckrizany.cz,w6rbdc5,Obecní úřad,Obecní úřad Křižany,Křižany ,340,Křižany,46353,ou.podatelna@obeckrizany.cz; ou.krizany@obeckrizany.cz,485178061,ano,ano,CZ00262943,,50.7385194,POINT(50.7385194  14.9059583),89,1659323.68774177,6575170.51865529
00580821,Ktová,Obec,Semily,Turnov,I.,CZ0514,5109,547484,CZ051,38,www.ktova.cz,imjbnsk,Obecní úřad,Obecní úřad Ktová,Ktová ,62,Ktová,51263,ou@ktova.cz,724181298,ne,ano,není plátce DPH,,50.5199339,POINT(50.5199339  15.2474450),90,1697337.81329845,6536810.91863767
46744967,Kunratice,Obec,Liberec,Frýdlant,I.,CZ0513,5102,530433,CZ051,34,www.obeckunratice.cz,j5fan6y,Obecní úřad,Obecní úřad Kunratice,Kunratice ,158,Kunratice,46401,obec.kunratice@seznam.cz,482312156,ano,ano,není plátce DPH,,50.9213456,POINT(50.9213456  15.0253250),91,1672611.52800344,6607392.44536454
00524301,Kunratice u Cvikova,Obec,Česká Lípa,Nový Bor,I.,CZ0511,5106,561746,CZ051,36,www.kunraticeucvikova.eu,hy5btgu,Obecní úřad,Obecní úřad Kunratice u Cvikova,Kunratice u Cvikova ,145,Kunratice u Cvikova,47155,starosta@kunraticeucvikova.eu,487751729,ano,ano,není plátce DPH,,50.7687947,POINT(50.7687947  14.6784286),92,1633995.19739742,6580497.63429278
00831531,Kvítkov,Obec,Česká Lípa,Česká Lípa,I.,CZ0511,5101,546259,CZ051,36,www.kvitkov.cz,gbkbsuz,Obecní úřad,Obecní úřad Kvítkov,Kvítkov ,57,Kvítkov,47001,ou@kvitkov.cz,487524605; 724179777,ne,ne,není plátce DPH,,50.6544147,POINT(50.6544147  14.4858311),93,1612555.34176937,6560389.85370085
00671983,Lázně Libverda,Obec,Liberec,Frýdlant,I.,CZ0513,5102,564206,CZ051,34,www.obeclibverda.cz,yadbknd,Obecní úřad,Obecní úřad Lázně Libverda,Lázně Libverda ,16,Lázně Libverda,46362,info@laznelibverda.cz; referentka@laznelibverda.cz,482322151,ano,ano,CZ00671983,,50.8903319,POINT(50.8903319  15.1910675),94,1691061.89870625,6601917.58425692
00671975,Lažany,Obec,Liberec,Turnov,I.,CZ0513,5109,545937,CZ051,34,www.obec-lazany.cz,uwqan6u,Obecní úřad,Obecní úřad Lažany,Lažany ,67,Lažany,46345,lazany@raz-dva.cz,485146112,ne,ano,není plátce DPH,,50.6002506,POINT(50.6002506  15.1098708),95,1682023.12340815,6550884.99258893
00854662,Levínská Olešnice,Obec,Semily,Jilemnice,I.,CZ0514,5104,577375,CZ051,35,www.levinskaolesnice.cz,n4cbkzc,Obecní úřad,Obecní úřad Levínská Olešnice,Levínská Olešnice ,94,Levínská Olešnice,51401,podatelna@levinskaolesnice.cz,481595054; 724181526,ne,ano,CZ00854662,,50.5259400,POINT(50.5259400  15.5326467),96,1729086.32131582,6537862.55171906
00262978,Liberec,Statutární město,Liberec,Liberec,III.,CZ0513,5105,563889,CZ051,34,www.liberec.cz,7c6by6u,Magistrát města,Magistrát města Liberec,nám. Dr. E. Beneše ,1,Liberec,46059,info@magistrat.liberec.cz,485243111,ano,ne,CZ00262978,,50.7699967,POINT(50.7699967  15.0584511),97,1676299.10858741,6580709.20434271
00275891,Libštát,Městys,Semily,Semily,I.,CZ0514,5107,577294,CZ051,35,www.libstat.info,5vrbc32,Úřad městyse,Úřad městyse Libštát,Libštát ,198,Libštát,51203,info@libstat.eu,481689300,ano,ano,CZ00275891,,50.5605092,POINT(50.5605092  15.4152456),98,1716017.29064525,6543918.02095199
00673226,Líšný,Obec,Jablonec nad Nisou,Železný Brod,I.,CZ0512,5110,563676,CZ051,35,www.lisny.cz,rrkan5g,Obecní úřad,Obecní úřad Líšný,Líšný 2. díl,60,Líšný,46822,obecni.urad@lisny.cz; starosta@lisny.cz,725076509,ne,ano,není plátce DPH,,50.6457681,POINT(50.6457681  15.2118094),99,1693370.87645233,6558871.79049345
00275905,Lomnice nad Popelkou,Město,Semily,Semily,II.,CZ0514,5107,577308,CZ051,35,www.lomnicenadpopelkou.cz,yf8bx8q,Městský úřad,Městský úřad Lomnice nad Popelkou,Husovo náměstí ,6,Lomnice nad Popelkou,51251,podatelna@mu-lomnice.cz,481629020,ano,ano,CZ00275905,,50.5315914,POINT(50.5315914  15.3728058),100,1711292.91371988,6538852.20113577
00580830,Loučky,Obec,Semily,Turnov,I.,CZ0514,5109,573400,CZ051,38,www.loucky.info,xz4auru,Obecní úřad,Obecní úřad Loučky,Loučky ,34,Loučky,51101,obecloucky@seznam.cz,727822787,ne,ne,není plátce DPH,,50.6176472,POINT(50.6176472  15.2182256),101,1694085.12456916,6553936.60105848
00672076,Loužnice,Obec,Jablonec nad Nisou,Železný Brod,I.,CZ0512,5110,563684,CZ051,35,www.louznice.com,58xavkn,Obecní úřad,Obecní úřad Loužnice,Loužnice ,58,Loužnice,46823,louznice@volny.cz,483385577,ne,ano,není plátce DPH,,50.6806989,POINT(50.6806989  15.2676425),102,1699586.18871374,6565006.22539191
00262455,Lučany nad Nisou,Město,Jablonec nad Nisou,Jablonec nad Nisou,I.,CZ0512,5103,563692,CZ051,35,www.lucany.cz,jfubvnq,Městský úřad,Městský úřad Lučany nad Nisou,Lučany nad Nisou ,333,Lučany nad Nisou,46871,lucany@lucany.cz,483300023; 724345486,ano,ano,CZ00262455,,50.7414517,POINT(50.7414517  15.2205069),103,1694339.07772351,6575686.32327697
00673480,Luka,Obec,Česká Lípa,Česká Lípa,I.,CZ0511,5101,514161,CZ051,36,www.obecluka.cz,kh4ay69,Obecní úřad,Obecní úřad Luka,Luka ,17,Luka,47201,ruda@obecluka.cz,724180417,ne,ne,není plátce DPH,,50.5121956,POINT(50.5121956  14.6636456),104,1632349.56136503,6535456.18470463
00262463,Malá Skála,Obec,Jablonec nad Nisou,Turnov,I.,CZ0512,5109,563706,CZ051,35,www.mala-skala.cz,9b5bpvq,Obecní úřad,Obecní úřad Malá Skála,Malá Skála ,122,Malá Skála,46822,podatelna@mala-skala.cz,483392045,ano,ano,CZ00262463,,50.6359428,POINT(50.6359428  15.1912228),105,1691079.18662317,6557147.12473902
00262471,Maršovice,Obec,Jablonec nad Nisou,Jablonec nad Nisou,I.,CZ0512,5103,563714,CZ051,35,www.obec-marsovice.cz,avdbt4q,Obecní úřad,Obecní úřad Maršovice,Maršovice ,52,Maršovice,46801,ou-marsovice@volny.cz,483302009; 724181532,ne,ano,není plátce DPH,,50.6965825,POINT(50.6965825  15.1983883),106,1691876.84643445,6567797.16243125
00580805,Martinice v Krkonoších,Obec,Semily,Jilemnice,I.,CZ0514,5104,573418,CZ051,35,www.martinicevkrk.cz,8mfatig,Obecní úřad,Obecní úřad Martinice v Krkonoších,Martinice v Krkonoších ,131,Martinice v Krkonoších,51232,obec.martinice@krakonos.cz,481543066,ano,ano,CZ00580805,,50.5822911,POINT(50.5822911  15.5323503),107,1729053.32621875,6547735.82666022
00260738,Mařenice,Obec,Česká Lípa,Nový Bor,I.,CZ0511,5106,561827,CZ051,36,www.obecmarenice.cz,86ybv8b,Obecní úřad,Obecní úřad Mařenice,Mařenice ,26,Mařenice,47156,marenice@volny.cz; ucetni@obecmarenice.cz,487754121,ne,ne,CZ00260738,,50.8090044,POINT(50.8090044  14.6769847),108,1633834.46318467,6587578.09831601
00260746,Mimoň,Město,Česká Lípa,Česká Lípa,II.,CZ0511,5101,561835,CZ051,36,www.mestomimon.cz,ys8b5fe,Městský úřad,Městský úřad Mimoň,Mírová ,120,Mimoň,47124,podatelna@mestomimon.cz,487805001,ano,ano,CZ00260746,,50.6565658,POINT(50.6565658  14.7247400),109,1639150.55886335,6560767.56067023
00275913,Mírová pod Kozákovem,Obec,Semily,Turnov,I.,CZ0514,5109,577316,CZ051,38,www.mirova.cz,762an4t,Obecní úřad,Obecní úřad Mírová pod Kozákovem,Chutnovka ,36,Mírová pod Kozákovem,51101,obec@mirova.cz,481321681; 481321677,ano,ano,CZ00275913,,50.5866094,POINT(50.5866094  15.2169067),110,1693938.30529275,6548492.92308206
00263001,Mníšek,Obec,Liberec,Liberec,I.,CZ0513,5105,564231,CZ051,34,www.obec-mnisek.cz,prjbpvy,Obecní úřad,Obecní úřad Mníšek,Mníšek ,185,Mníšek,46331,podatelna@obec-mnisek.cz,482725080,ano,ano,CZ00263001,,50.8318375,POINT(50.8318375  15.0530544),111,1675698.35069145,6591601.45694148
00275921,Modřišice,Obec,Semily,Turnov,I.,CZ0514,5109,577324,CZ051,38,www.modrisice.cz,i9wbufh,Obecní úřad,Obecní úřad Modřišice,Modřišice ,11,Modřišice,51101,obec@modrisice.cz,481321575,ne,ano,není plátce DPH,,50.5715075,POINT(50.5715075  15.1190883),112,1683049.21081454,6545845.5188698
00275930,Mříčná,Obec,Semily,Jilemnice,I.,CZ0514,5104,577332,CZ051,35,www.mricna.cz,9exasur,Obecní úřad,Obecní úřad Mříčná,Mříčná ,211,Mříčná,51204,obec@mricna.jilemnice.cz; holcova@coma.jilemnice.cz,481543283,ano,ano,CZ00275930,,50.6006042,POINT(50.6006042  15.4685650),113,1721952.77910265,6550947.0077727
00831433,Nová Ves,Obec,Liberec,Liberec,I.,CZ0513,5105,546593,CZ051,36,www.nova-ves.eu,9yjbi7g,Obecní úřad,Obecní úřad Nová Ves,Nová Ves ,213,Nová Ves,46331,podatelna@nova-ves.eu,482720110,ano,ano,CZ00831433,,50.8354861,POINT(50.8354861  15.0064569),114,1670511.14071921,6592244.54920695
00262498,Nová Ves nad Nisou,Obec,Jablonec nad Nisou,Jablonec nad Nisou,I.,CZ0512,5103,563731,CZ051,35,www.novavesnn.cz,jjhedsu,Obecní úřad,Obecní úřad Nová Ves nad Nisou,Nová Ves nad Nisou ,281,Nová Ves nad Nisou,46827,novavesnn@volny.cz,731068368,ano,ano,není plátce DPH,,50.7251839,POINT(50.7251839  15.2149256),115,1693717.77024954,6572825.1521777
00275948,Nová Ves nad Popelkou,Obec,Semily,Semily,I.,CZ0514,5107,577341,CZ051,35,www.novavesnadpopelkou.cz,28yan8n,Obecní úřad,Obecní úřad Nová Ves nad Popelkou,Nová Ves nad Popelkou ,244,Nová Ves nad Popelkou,51271,ou@novavesnadpopelkou.cz,481975173,ano,ne,CZ00275948,,50.5205711,POINT(50.5205711  15.4114392),116,1715593.5641355,6536922.48229526
00263036,Nové Město pod Smrkem,Město,Liberec,Frýdlant,II.,CZ0513,5102,564265,CZ051,34,www.nmps.cz,63tbyqn,Městský úřad,Městský úřad Nové Město pod Smrkem,Palackého ,280,Nové Město pod Smrkem,46365,sekretariat@nmps.cz,482360320,ano,ano,CZ00263036,,50.9264231,POINT(50.9264231  15.2303800),117,1695438.14618806,6608289.12609453
00672904,Noviny pod Ralskem,Obec,Česká Lípa,Česká Lípa,I.,CZ0511,5101,561851,CZ051,36,www.novinypodralskem.cz,9i8apag,Obecní úřad,Obecní úřad Noviny pod Ralskem,Noviny pod Ralskem ,116,Noviny pod Ralskem,47124,noviny@wo.cz,487863129,ne,ne,není plátce DPH,,50.6923894,POINT(50.6923894  14.7467000),118,1641595.13488117,6567060.29319085
00260771,Nový Bor,Město,Česká Lípa,Nový Bor,III.,CZ0511,5106,561860,CZ051,36,www.novy-bor.cz,b7wbphv,Městský úřad,Městský úřad Nový Bor,nám. Míru ,1,Nový Bor,47301,epodatelna@novy-bor.cz,487712311,ano,ne,CZ00260771,,50.7599975,POINT(50.7599975  14.5567000),119,1620444.43163045,6578949.36044737
00260789,Nový Oldřichov,Obec,Česká Lípa,Česká Lípa,I.,CZ0511,5101,561878,CZ051,36,www.obecnovyoldrichov.cz,kgfaudp,Obecní úřad,Obecní úřad Nový Oldřichov,Mistrovice ,51,Nový Oldřichov,47113,uradoldrichov@seznam.cz,487767220,ano,ne,není plátce DPH,,50.7617192,POINT(50.7617192  14.4337153),120,1606753.83745108,6579252.35020952
00275956,Ohrazenice,Obec,Semily,Turnov,I.,CZ0514,5109,577359,CZ051,38,www.ohrazenice.cz,h6abk57,Obecní úřad,Obecní úřad Ohrazenice,Ohrazenice ,81,Ohrazenice,51101,info@ohrazenice.cz,481321885,ano,ano,není plátce DPH,,50.5981597,POINT(50.5981597  15.1260328),121,1683822.26901835,6550518.29524643
00673412,Okna,Obec,Česká Lípa,Česká Lípa,I.,CZ0511,5101,561886,CZ051,36,www.obecokna.cz,mdcasww,Obecní úřad,Obecní úřad Okna,Okna ,40,Okna,47162,starosta@obecokna.cz,487876134; 724168476,ano,ano,není plátce DPH,,50.5306097,POINT(50.5306097  14.6724275),122,1633327.15800122,6538680.28145022
00673447,Okrouhlá,Obec,Česká Lípa,Nový Bor,I.,CZ0511,5106,561894,CZ051,36,www.ouokrouhla.cz,2txbnkq,Obecní úřad,Obecní úřad Okrouhlá,Okrouhlá ,36,Okrouhlá,47301,starosta@ouokrouhla.cz,487726605,ano,ano,není plátce DPH,,50.7669075,POINT(50.7669075  14.5273478),123,1617176.95967278,6580165.46972079
00481483,Oldřichov v Hájích,Obec,Liberec,Liberec,I.,CZ0513,5105,564281,CZ051,34,www.oldrichov.cz,6tfbi63,Obecní úřad,Obecní úřad Oldřichov v Hájích,Oldřichov v Hájích ,151,Oldřichov v Hájích,46331,obec@oldrichov.cz,482725093,ne,ano,není plátce DPH,,50.8497189,POINT(50.8497189  15.0831225),124,1679045.51627257,6594753.6643401
00275964,Olešnice,Obec,Semily,Turnov,I.,CZ0514,5109,577367,CZ051,38,www.olesnice.craj.cz,7wpjd4d,Obecní úřad,Obecní úřad Olešnice,Olešnice ,63,Olešnice,51101,olesnice@craj.cz,481329129,ne,ne,není plátce DPH,,50.5452783,POINT(50.5452783  15.1197275),125,1683120.36623306,6541249.48486957
00263061,Osečná,Město,Liberec,Liberec,I.,CZ0513,5105,564290,CZ051,36,www.osecna.info,r2rbb9r,Městský úřad,Městský úřad Osečná,Svatovítské nám. ,105,Osečná,46352,mesto@osecna.cz,485164811,ano,ano,CZ00263061,,50.6943314,POINT(50.6943314  14.9205742),126,1660950.72228726,6567401.55996873
00671967,Paceřice,Obec,Liberec,Turnov,I.,CZ0513,5109,545953,CZ051,34,www.pacerice.cz,75aaunc,Obecní úřad,Obecní úřad Paceřice,Paceřice ,100,Paceřice,46344,obec@pacerice.cz,482758008; 724179808,ne,ano,není plátce DPH,,50.6195939,POINT(50.6195939  15.1121589),127,1682277.83353504,6554278.14984661
00580791,Paseky nad Jizerou,Obec,Semily,Jilemnice,I.,CZ0514,5104,547476,CZ051,35,www.paseky.cz,gfaas2r,Obecní úřad,Obecní úřad Paseky nad Jizerou,Paseky nad Jizerou ,242,Paseky nad Jizerou,51247,obec@paseky.cz,736486256,ne,ano,CZ00580791,,50.7240403,POINT(50.7240403  15.4001622),128,1714338.21423782,6572624.05385831
00262501,Pěnčín,Obec,Jablonec nad Nisou,Železný Brod,I.,CZ0512,5110,563749,CZ051,35,www.pencin.cz,rvzjds7,Obecní úřad,Obecní úřad Pěnčín,Pěnčín ,57,Pěnčín,46821,info@pencin.cz,483397028,ano,ano,není plátce DPH,,50.6857292,POINT(50.6857292  15.2384847),129,1696340.35726509,6565890.00657261
00263095,Pěnčín,Obec,Liberec,Turnov,I.,CZ0513,5109,564303,CZ051,34,www.pencin-obec.cz,77mbjcq,Obecní úřad,Obecní úřad Pěnčín,Pěnčín ,62,Pěnčín,46345,obecni.urad@pencin-obec.cz,482725300; 482725301,ano,ne,není plátce DPH,,50.5951683,POINT(50.5951683  15.0762267),130,1678277.87932795,6549993.69856168
0671959,Pertoltice,Obec,Liberec,Frýdlant,I.,CZ0513,5102,564311,CZ051,34,www.obecpertoltice.cz ,decazs5,Obecní úřad,Obecní úřad Pertoltice,Dolní Pertoltice ,59,Pertoltice,46373,obec.pertoltice@volny.cz,724162170,ne,ano,není plátce DPH,,50.9793633,POINT(50.9793633  15.0770817),131,1678373.05749258,6617644.1409429
00672912,Pertoltice pod Ralskem,Obec,Česká Lípa,Česká Lípa,I.,CZ0511,5101,514276,CZ051,36,www.pertoltice.cz,ds7an48,Obecní úřad,Obecní úřad Pertoltice pod Ralskem,Pertoltice pod Ralskem ,165,Pertoltice pod Ralskem,47124,starosta@pertoltice.cz,724181524; 775062515,ne,ne,není plátce DPH,,50.6763447,POINT(50.6763447  14.7201586),132,1638640.55974823,6564241.30575209
00275999,Peřimov,Obec,Semily,Jilemnice,I.,CZ0514,5104,577391,CZ051,35,www.obecperimov.cz,cqcapcr,Obecní úřad,Obecní úřad Peřimov,Peřimov ,107,Peřimov,51204,obec.perimov@tiscali.cz,481543264,ne,ne,není plátce DPH,,50.6185242,POINT(50.6185242  15.4567228),133,1720634.51142878,6554090.46908172
00262510,Plavy,Obec,Jablonec nad Nisou,Tanvald,I.,CZ0512,5108,563757,CZ051,35,www.plavy.cz,sgabjgp,Obecní úřad,Obecní úřad Plavy,Plavy ,186,Plavy,46846,obec@plavy.cz,483398124; 775238242,ano,ano,CZ00262510,,50.7037461,POINT(50.7037461  15.3180067),134,1705192.70581195,6569056.2012413
00525405,Polevsko,Obec,Česká Lípa,Nový Bor,I.,CZ0511,5106,561959,CZ051,36,www.polevsko.info,v2ub435,Obecní úřad,Obecní úřad Polevsko,Polevsko ,152,Polevsko,47116,starosta@polevsko.info,487727731; 606907688,ano,ne,není plátce DPH,,50.7869886,POINT(50.7869886  14.5375192),135,1618309.23474144,6583700.61569783
00276006,Poniklá,Obec,Semily,Jilemnice,I.,CZ0514,5104,577405,CZ051,35,www.ponikla.cz,6dwbbx6,Obecní úřad,Obecní úřad Poniklá,Poniklá ,65,Poniklá,51242,obec@ponikla.cz; hajek@ponikla.cz,481585981,ano,ano,CZ00276006,,50.6527872,POINT(50.6527872  15.4538289),136,1720312.36395437,6560104.09601036
00671941,Proseč pod Ještědem,Obec,Liberec,Liberec,I.,CZ0513,5105,544345,CZ051,34,www.ppj.cz,ngsbnwb,Obecní úřad,Obecní úřad Proseč pod Ještědem,Proseč pod Ještědem ,89,Proseč pod Ještědem,46343,kancelar@ppj.cz,482725474; 602771080,ne,ano,není plátce DPH,,50.6937028,POINT(50.6937028  15.0107947),137,1670994.02240637,6567291.09482976
00524760,Provodín,Obec,Česká Lípa,Česká Lípa,I.,CZ0511,5101,561983,CZ051,36,www.obec-provodin.cz,adea8ii,Obecní úřad,Obecní úřad Provodín,Provodín ,80,Provodín,47167,provodin@volny.cz; podatelna@obec-provodin.cz,487877337,ne,ne,není plátce DPH,,50.6178919,POINT(50.6178919  14.6013092),138,1625410.30505914,6553979.532931
00525197,Prysk,Obec,Česká Lípa,Nový Bor,I.,CZ0511,5106,561991,CZ051,36,www.prysk.cz,x3uan79,Obecní úřad,Obecní úřad Prysk,Dolní Prysk ,17,Prysk,47115,ou.prysk@prysk.cz,487767520,ano,ne,CZ00525197,,50.7958483,POINT(50.7958483  14.4683133),139,1610605.26919355,6585260.79054502
00276014,Přepeře,Obec,Semily,Turnov,I.,CZ0514,5109,577413,CZ051,38,www.prepere.cz,ne8a7ss,Obecní úřad,Obecní úřad Přepeře,Přepeře ,229,Přepeře,51261,obec@prepere.cz,481321110,ano,ano,není plátce DPH,,50.5845703,POINT(50.5845703  15.1123267),140,1682296.51294559,6548135.41372075
00276022,Příkrý,Obec,Semily,Semily,I.,CZ0514,5107,577421,CZ051,35,www.obecprikry.cz,ktian9a,Obecní úřad,Obecní úřad Příkrý,Příkrý ,70,Příkrý,51301,obec.prikry@centrum.cz,481622746; 607604335,ne,ne,není plátce DPH,,50.6245600,POINT(50.6245600  15.3640892),141,1710322.58624643,6555149.51682782
00263125,Příšovice,Obec,Liberec,Turnov,I.,CZ0513,5109,564354,CZ051,34,www.prisovice.cz,hm8bbw3,Obecní úřad,Obecní úřad Příšovice,Příšovice ,60,Příšovice,46346,prisovice@email.cz,485177025,ano,ano,CZ00263125,,50.5782275,POINT(50.5782275  15.0849011),142,1679243.50911889,6547023.44835388
00832332,Pulečný,Obec,Jablonec nad Nisou,Jablonec nad Nisou,I.,CZ0512,5103,546577,CZ051,35,www.pulecny.cz,6bgaxkv,Obecní úřad,Obecní úřad Pulečný,Pulečný ,26,Pulečný,46802,info@pulecny.cz,483388296,ne,ano,CZ00832332,,50.6764578,POINT(50.6764578  15.1649264),143,1688151.88476547,6564261.17358142
00673234,Radčice,Obec,Jablonec nad Nisou,Železný Brod,I.,CZ0512,5110,563773,CZ051,35,www.radcice.eu,jysb34k,Obecní úřad,Obecní úřad Radčice,Radčice ,90,Radčice,46822,ou.radcice@volny.cz,483385078,ne,ano,není plátce DPH,,50.6727056,POINT(50.6727056  15.2805083),144,1701018.40301839,6563602.0650101
00671932,Radimovice,Obec,Liberec,Turnov,I.,CZ0513,5109,544582,CZ051,34,www.radimovice.cz,zw2bp3g,Obecní úřad,Obecní úřad Radimovice,Radimovice ,47,Radimovice,46344,info@radimovice.cz,485146101,ne,ne,není plátce DPH,,50.6255631,POINT(50.6255631  15.0841206),145,1679156.62425633,6555325.53497015
00262544,Rádlo,Obec,Jablonec nad Nisou,Jablonec nad Nisou,I.,CZ0512,5103,563781,CZ051,35,www.radlo.cz,sfpan8s,Obecní úřad,Obecní úřad Rádlo,Rádlo ,252,Rádlo,46803,podatelna@radlo.cz,483388093,ano,ano,není plátce DPH,,50.7010944,POINT(50.7010944  15.1232167),146,1683508.78220033,6568590.12917969
00276031,Radostná pod Kozákovem,Obec,Semily,Turnov,I.,CZ0514,5109,577430,CZ051,35,www.radostna.cz,e7dapat,Obecní úřad,Obecní úřad Radostná pod Kozákovem,Lestkov ,77,Radostná pod Kozákovem,51263,urad@radostna.cz,724179787,ne,ne,není plátce DPH,,50.5820778,POINT(50.5820778  15.2483186),147,1697435.0620056,6547698.43210756
46750690,Radvanec,Obec,Česká Lípa,Nový Bor,I.,CZ0511,5106,530387,CZ051,36,www.radvanec.cz,nkgan43,Obecní úřad,Obecní úřad Radvanec,Radvanec ,75,Radvanec,47301,radvanec@iol.cz,487753551,ne,ne,není plátce DPH,,50.7542833,POINT(50.7542833  14.5926847),148,1624450.23011079,6577943.8388373
00276049,Rakousy,Obec,Semily,Turnov,I.,CZ0514,5109,577448,CZ051,38,www.rakousy.eu,4qyb7jd,Obecní úřad,Obecní úřad Rakousy,Rakousy ,34,Rakousy,51101,obecrakousy@seznam.cz,481321434; 602743669,ne,ne,není plátce DPH,,50.6199208,POINT(50.6199208  15.1847169),149,1690354.95314802,6554335.50588381
00831514,Ralsko,Město,Česká Lípa,Česká Lípa,I.,CZ0511,5101,562017,CZ051,36,www.mestoralsko.cz,xztbtsz,Městský úřad,Městský úřad Ralsko,Kuřivody ,701,Ralsko,47124,podatelna@mestoralsko.cz,487898121; 487898122,ano,ano,CZ00831514,,50.5855028,POINT(50.5855028  14.8038742),150,1647959.73771168,6548298.90426172
00263141,Raspenava,Město,Liberec,Frýdlant,I.,CZ0513,5102,564371,CZ051,34,www.raspenava.cz,nkabbs6,Městský úřad,Městský úřad Raspenava,Fučíkova ,421,Raspenava,46361,mesto.raspenava@raspenava.cz,482360431,ano,ano,CZ00263141,,50.8999739,POINT(50.8999739  15.1367406),151,1685014.25586187,6603619.29979085
00276057,Rokytnice nad Jizerou,Město,Semily,Jilemnice,II.,CZ0514,5104,577456,CZ051,35,www.mesto-rokytnice.cz,htabfwg,Městský úřad,Městský úřad Rokytnice nad Jizerou,Horní Rokytnice ,197,Rokytnice nad Jizerou,51244,sekretar@mesto-rokytnice.cz,481549311,ano,ano,CZ00276057,,50.7289700,POINT(50.7289700  15.4514544),152,1720048.03582349,6573490.96050527
00276065,Roprachtice,Obec,Semily,Semily,I.,CZ0514,5107,577464,CZ051,35,www.obecroprachtice.cz,d2eb6g8,Obecní úřad,Obecní úřad Roprachtice,Roprachtice ,144,Roprachtice,51301,ou@obecroprachtice.cz,481593420,ne,ne,není plátce DPH,,50.6467817,POINT(50.6467817  15.4155053),153,1716046.20031701,6559049.73140361
00276073,Rovensko pod Troskami,Město,Semily,Turnov,I.,CZ0514,5109,577472,CZ051,35,www.rovensko.cz,wpgbbpr,Městský úřad,Městský úřad Rovensko pod Troskami,nám. prof. Drahoňovského ,1,Rovensko pod Troskami,51263,m.u@rovensko.cz,481382236; 481382119,ano,ano,CZ00276073,,50.5346797,POINT(50.5346797  15.2595772),154,1698688.36362465,6539393.0613455
00276081,Roztoky u Jilemnice,Obec,Semily,Jilemnice,I.,CZ0514,5104,577499,CZ051,35,www.roztoky-u-jilemnice.cz,mhmapcm,Obecní úřad,Obecní úřad Roztoky u Jilemnice,Roztoky u Jilemnice ,240,Roztoky u Jilemnice,51231,obec@roztoky-u-jilemnice.cz,481587296,ano,ano,CZ00276081,,50.5661703,POINT(50.5661703  15.4998678),155,1725437.39085906,6544910.09613505
00276090,Roztoky u Semil,Obec,Semily,Semily,I.,CZ0514,5107,577481,CZ051,35,www.roztokyusemil.cz,vktan97,Obecní úřad,Obecní úřad Roztoky u Semil,Roztoky u Semil ,99,Roztoky u Semil,51301,ouroztoky@tiscali.cz,481683161,ne,ne,není plátce DPH,,50.6584836,POINT(50.6584836  15.3731286),156,1711328.84765151,6561104.31758643
00262552,Rychnov u Jablonce nad Nisou,Město,Jablonec nad Nisou,Jablonec nad Nisou,I.,CZ0512,5103,563790,CZ051,35,www.rychnovjbc.cz,fjxbbm5,Městský úřad,Městský úřad Rychnov u Jablonce nad Nisou,Husova ,490,Rychnov u Jablonce nad Nisou,46802,podatelna@rychnovjbc.cz,488 880 921,ano,ano,CZ00262552,,50.6837358,POINT(50.6837358  15.1496589),157,1686452.31443979,6565539.77171282
00263168,Rynoltice,Obec,Liberec,Liberec,I.,CZ0513,5105,564397,CZ051,36,www.rynoltice.cz,pzfawug,Obecní úřad,Obecní úřad Rynoltice,Rynoltice ,199,Rynoltice,46355,rynoltice@iol.cz,485172181,ano,ano,CZ00263168,,50.7881714,POINT(50.7881714  14.8196061),158,1649711.00480889,6583908.88722866
00276111,Semily,Město,Semily,Semily,III.,CZ0514,5107,576964,CZ051,35,www.semily.cz,d36bywp,Městský úřad,Městský úřad Semily,Husova ,82,Semily,51313,podatelna@mu.semily.cz,481629211,ano,ne,CZ00276111,,50.6022694,POINT(50.6022694  15.3366742),159,1707270.76240634,6551239.0606544
00673455,Skalice u České Lípy,Obec,Česká Lípa,Nový Bor,I.,CZ0511,5106,562025,CZ051,36,www.skaliceuceskelipy.cz,fzgbiuz,Obecní úřad,Obecní úřad Skalice u České Lípy,Skalice u České Lípy ,377,Skalice u České Lípy,47117,obec@skaliceuceskelipy.cz,487721131; 606502962,ano,ano,CZ00673455,,50.7434767,POINT(50.7434767  14.5301703),160,1617491.15893555,6576042.54864531
00673439,Skalka u Doks,Obec,Česká Lípa,Česká Lípa,I.,CZ0511,5101,513890,CZ051,36,www.ouskalka.cz,bdibsyu,Obecní úřad,Obecní úřad Skalka u Doks,Skalka u Doks ,44,Skalka u Doks,47201,prochazkova@ouskalka.cz,487873667; 723753285,ne,ne,CZ00673439,,50.5638203,POINT(50.5638203  14.6197444),161,1627462.50213581,6544498.25769639
00262561,Skuhrov,Obec,Jablonec nad Nisou,Železný Brod,I.,CZ0512,5110,563803,CZ051,35,www.skuhrov-huntirov.cz,ivfavr5,Obecní úřad,Obecní úřad Skuhrov,Huntířov ,63,Skuhrov,46822,ou-skuhrov@volny.cz,483397276,ano,ano,není plátce DPH,,50.6718119,POINT(50.6718119  15.2124892),162,1693446.55144217,6563445.08612296
00276138,Slaná,Obec,Semily,Semily,I.,CZ0514,5107,577529,CZ051,35,www.obecslana.cz,j7pbp7f,Obecní úřad,Obecní úřad Slaná,Slaná ,94,Slaná,51201,obec@obecslana.cz,481625063,ano,ano,není plátce DPH,,50.5818614,POINT(50.5818614  15.3370028),163,1707307.34199101,6547660.49425346
00525677,Sloup v Čechách,Obec,Česká Lípa,Nový Bor,I.,CZ0511,5106,562050,CZ051,36,www.obecsloupvcechach.cz,fhbbjyw,Obecní úřad,Obecní úřad Sloup v Čechách,Benešova ,280,Sloup v Čechách,47152,podatelna@sloupvcechach.cz,487753562,ano,ano,CZ00525677,,50.7393189,POINT(50.7393189  14.5875703),164,1623880.89770708,6575311.15106134
00831620,Slunečná,Obec,Česká Lípa,Nový Bor,I.,CZ0511,5106,546275,CZ051,36,www.obecslunecna.cz,d2sau4x,Obecní úřad,Obecní úřad Slunečná,Slunečná ,104,Slunečná,47301,ouslunecna@seznam.cz,724159232,ne,ne,není plátce DPH,,50.7401050,POINT(50.7401050  14.4847514),165,1612435.15011516,6575449.42874234
00262579,Smržovka,Město,Jablonec nad Nisou,Tanvald,I.,CZ0512,5108,563811,CZ051,35,www.smrzovka.cz,5egbben,Městský úřad,Městský úřad Smržovka,nám. T. G. Masaryka ,600,Smržovka,46851,mesto@smrzovka.cz; ,483369311,ano,ano,CZ00262579,,50.7397533,POINT(50.7397533  15.2451072),166,1697077.57059287,6575387.56322145
00671924,Soběslavice,Obec,Liberec,Turnov,I.,CZ0513,5109,564401,CZ051,34,www.sobeslavice.cz,2g5aupx,Obecní úřad,Obecní úřad Soběslavice,Soběslavice ,50,Soběslavice,46345,sobeslavice@cmail.cz,482728309,ne,ne,není plátce DPH,,50.6066403,POINT(50.6066403  15.0342253),167,1673602.30486735,6552005.7047895
00673374,Sosnová,Obec,Česká Lípa,Česká Lípa,I.,CZ0511,5101,562076,CZ051,36,www.sosnova.org,txvbiva,Obecní úřad,Obecní úřad Sosnová,Sosnová ,35,Sosnová,47001,obec@sosnova.org,487520874,ne,ano,není plátce DPH,,50.6579069,POINT(50.6579069  14.5308308),168,1617564.68545922,6561003.050256
00671916,Stráž nad Nisou,Obec,Liberec,Liberec,I.,CZ0513,5105,544477,CZ051,34,www.straznnis.cz,3pdatnb,Obecní úřad,Obecní úřad Stráž nad Nisou,Schwarzova ,262,Stráž nad Nisou,46303,podatelna@straznnis.cz,482726880,ano,ano,CZ00671916,,50.7921600,POINT(50.7921600  15.0233500),169,1672391.67200913,6584611.25261402
00260967,Stráž pod Ralskem,Město,Česká Lípa,Česká Lípa,I.,CZ0511,5101,562092,CZ051,36,www.strazpr.cz,ifqba8b,Městský úřad,Městský úřad Stráž pod Ralskem,Revoluční ,164,Stráž pod Ralskem,47127,podatelna@strazpr.cz,487829911,ano,ano,CZ00260967,,50.7022972,POINT(50.7022972  14.8036903),170,1647939.26605732,6568801.53424624
00276154,Stružinec,Obec,Semily,Semily,I.,CZ0514,5107,577545,CZ051,35,www.struzinec.cz,akbaumd,Obecní úřad,Obecní úřad Stružinec,Stružinec ,191,Stružinec,51251,info@struzinec.cz,724179995,ano,ne,CZ00276154,,50.5504850,POINT(50.5504850  15.3574919),171,1709588.17816982,6542161.62989497
00260975,Stružnice,Obec,Česká Lípa,Česká Lípa,I.,CZ0511,5101,562106,CZ051,36,www.obecstruznice.cz,hizapzy,Obecní úřad,Obecní úřad Stružnice,Stružnice ,188,Stružnice,47002,oustruznice@raz-dva.cz,487861290,ano,ano,není plátce DPH,,50.6937956,POINT(50.6937956  14.4558058),172,1609212.94066245,6567307.40266678
00276162,Studenec,Obec,Semily,Jilemnice,I.,CZ0514,5104,577553,CZ051,35,www.studenec.cz,7kubutg,Obecní úřad,Obecní úřad Studenec,Studenec ,364,Studenec,51233,info@studenec.cz,481595213,ano,ano,CZ00276162,,50.5656706,POINT(50.5656706  15.5458789),173,1730559.3230819,6544822.52179111
00524751,Stvolínky,Obec,Česká Lípa,Česká Lípa,I.,CZ0511,5101,562114,CZ051,36,www.obec-stvolinky.cz,am3an3u,Obecní úřad,Obecní úřad Stvolínky,Stvolínky ,53,Stvolínky,47102,podatelna@obecstvolinky.cz,487868975,ne,ne,není plátce DPH,,50.6323203,POINT(50.6323203  14.4305658),174,1606403.23671483,6556511.34690521
00263192,Světlá pod Ještědem,Obec,Liberec,Liberec,I.,CZ0513,5105,564427,CZ051,36,www.svetlapodjestedem.cz,zhpat6e,Obecní úřad,Obecní úřad Světlá pod Ještědem,Hodky ,48,Světlá pod Ještědem,46343,obecniurad@svetlapodjestedem.cz,485179279,ano,ano,CZ00263192,,50.7163397,POINT(50.7163397  14.9751031),175,1667020.85166877,6571270.05631644
00671894,Svijanský Újezd,Obec,Liberec,Turnov,I.,CZ0513,5109,564435,CZ051,34,www.svijanskyujezd.cz,qqeat6i,Obecní úřad,Obecní úřad Svijanský Újezd,Svijanský Újezd ,27,Svijanský Újezd,46345,obec@svijanskyujezd.cz,482720070,ano,ano,není plátce DPH,,50.5870886,POINT(50.5870886  15.0445872),176,1674755.786299,6548576.94204496
00671908,Svijany,Obec,Liberec,Turnov,I.,CZ0513,5109,564443,CZ051,34,www.obecsvijany.cz,256bj9m,Obecní úřad,Obecní úřad Svijany,Svijany ,71,Svijany,46346,info@obecsvijany.cz,485177008,ne,ano,není plátce DPH,,50.5739939,POINT(50.5739939  15.0675817),177,1677315.52233005,6546281.33319393
00276171,Svojek,Obec,Semily,Jilemnice,I.,CZ0514,5104,577561,CZ051,35,www.svojek.cz,jyaavhj,Obecní úřad,Obecní úřad Svojek,Svojek ,1,Svojek,50791,obec@svojek.cz,481587255,ne,ano,není plátce DPH,,50.5533697,POINT(50.5533697  15.4557636),178,1720527.73377321,6542667.03457558
00831689,Svojkov,Obec,Česká Lípa,Nový Bor,I.,CZ0511,5106,546283,CZ051,36,www.sweb.cz/svojkov,99za9an,Obecní úřad,Obecní úřad Svojkov,Svojkov ,12,Svojkov,47153,ousvojkov@mybox.cz,605883533,ne,ne,není plátce DPH,,50.7194564,POINT(50.7194564  14.5991800),179,1625173.28359934,6571818.03929816
00261009,Svor,Obec,Česká Lípa,Nový Bor,I.,CZ0511,5106,562131,CZ051,36,www.obecsvor.cz,n7rbj8c,Obecní úřad,Obecní úřad Svor,Svor ,195,Svor,47151,svor@obecsvor.cz,487751522,ano,ano,není plátce DPH,,50.7921275,POINT(50.7921275  14.5958144),180,1624798.62672113,6584605.52934245
00263222,Sychrov,Obec,Liberec,Turnov,I.,CZ0513,5109,564451,CZ051,34,www.obecsychrov.cz,5s8ba3t,Obecní úřad,Obecní úřad Sychrov,Sychrov ,1,Sychrov,46344,ou@obecsychrov.cz; matrika@obecsychrov.cz,485146081,ano,ano,není plátce DPH,,50.6260614,POINT(50.6260614  15.0892072),181,1679722.8619782,6555412.97514625
00276189,Syřenov,Obec,Semily,Semily,I.,CZ0514,5107,577570,CZ051,35,www.syrenov.cz,3yfbs5n,Obecní úřad,Obecní úřad Syřenov,Syřenov ,68,Syřenov,51251,obecsyrenov@tiscali.cz,723251467; 607500041,ne,ano,není plátce DPH,,50.4989819,POINT(50.4989819  15.4275850),182,1717390.90636995,6533143.39297125
00671886,Šimonovice,Obec,Liberec,Liberec,I.,CZ0513,5105,564460,CZ051,34,www.simonovice.cz,xh6jdrq,Obecní úřad,Obecní úřad Šimonovice,Minkovická ,70,Šimonovice,46312,simonovice@volny.cz,482317915; 724195919,ne,ano,není plátce DPH,,50.7084964,POINT(50.7084964  15.0517756),183,1675555.99532662,6569891.19648028
49864009,Tachov,Obec,Česká Lípa,Česká Lípa,I.,CZ0511,5101,553638,CZ051,36,www.obectachov.cz,t8man3i,Obecní úřad,Obecní úřad Tachov,Tachov ,34,Tachov,47201,starosta@obectachov.cz,602155407,ne,ne,není plátce DPH,,50.5428161,POINT(50.5428161  14.6382211),184,1629519.31897135,6540818.17504643
00262587,Tanvald,Město,Jablonec nad Nisou,Tanvald,III.,CZ0512,5108,563820,CZ051,35,www.tanvald.cz,92zbxiu,Městský úřad,Městský úřad Tanvald,Palackého ,359,Tanvald,46841,meu@tanvald.cz,483369511,ano,ne,CZ00262587,,50.7378994,POINT(50.7378994  15.3034492),185,1703572.17232473,6575061.46203198
00276197,Tatobity,Obec,Semily,Turnov,I.,CZ0514,5109,577596,CZ051,35,www.tatobity.cz,mw6awjk,Obecní úřad,Obecní úřad Tatobity,Tatobity ,85,Tatobity,51253,obec@tatobity.cz,724179996,ano,ano,CZ00276197,,50.5730447,POINT(50.5730447  15.2680339),186,1699629.75916244,6546114.95541651
00276201,Troskovice,Obec,Semily,Turnov,I.,CZ0514,5109,577600,CZ051,38,www.troskovice.sph.cz,gyban5j,Obecní úřad,Obecní úřad Troskovice,Jivina ,6,Troskovice,51263,troskovice@craj.cz,725071119,ne,ne,není plátce DPH,,50.5130831,POINT(50.5130831  15.2199689),187,1694279.18783746,6535611.54688013
00831727,Tuhaň,Obec,Česká Lípa,Česká Lípa,I.,CZ0511,5101,546267,CZ051,36,www.obec-tuhan.cz,8u5an75,Obecní úřad,Obecní úřad Tuhaň,Tuhaň ,32,Tuhaň,47201,ou.tuhan@seznam.cz,487870195; 487522507,ne,ano,CZ00831727,,50.5372383,POINT(50.5372383  14.4663078),188,1610382.01795476,6539841.18094602
00276227,Turnov,Město,Semily,Turnov,III.,CZ0514,5109,577626,CZ051,38,www.turnov.cz,vehbxe9,Městský úřad,Městský úřad Turnov,Antonína Dvořáka ,335,Turnov,51122,mu@turnov.cz,481366111,ano,ne,CZ00276227,,50.5866747,POINT(50.5866747  15.1572942),189,1687302.27214784,6548504.37219342
00673072,Velenice,Obec,Česká Lípa,Česká Lípa,I.,CZ0511,5101,562173,CZ051,36,www.velenice-cl.cz,xkfeftc,Obecní úřad,Obecní úřad Velenice,Velenice ,148,Velenice,47002,ou-velenice@c-box.cz,487857294; 724185078,ne,ne,není plátce DPH,,50.7186100,POINT(50.7186100  14.6640111),190,1632390.24863891,6571669.22034544
00262595,Velké Hamry,Město,Jablonec nad Nisou,Tanvald,I.,CZ0512,5108,563838,CZ051,35,www.velke-hamry.cz,vivbhhv,Městský úřad,Městský úřad Velké Hamry,Velké Hamry ,362,Velké Hamry,46845,podatelna@velke-hamry.cz,483369811,ano,ano,CZ00262595,,50.7177244,POINT(50.7177244  15.3139061),191,1704736.22910801,6571513.51189887
00672891,Velký Valtinov,Obec,Česká Lípa,Česká Lípa,I.,CZ0511,5101,562203,CZ051,36,www.velkyvaltinov.cz,bb6an66,Obecní úřad,Obecní úřad Velký Valtinov,Velký Valtinov ,46,Velký Valtinov,47125,obec.velky.valtinov@atlas.cz,487762490,ne,ano,CZ00672891,,50.7460469,POINT(50.7460469  14.7392392),192,1640764.60242426,6576494.7043834
00276243,Veselá,Obec,Semily,Semily,I.,CZ0514,5107,577642,CZ051,35,www.veselaobec.cz,bxfbkad,Obecní úřad,Obecní úřad Veselá,Veselá ,56,Veselá,51252,urad@veselaobec.cz,481382129,ne,ne,není plátce DPH,,50.5473761,POINT(50.5473761  15.3052397),193,1703771.489873,6541616.97958814
00276251,Víchová nad Jizerou,Obec,Semily,Jilemnice,I.,CZ0514,5104,577651,CZ051,35,www.vichovanj.cz,bsabsmy,Obecní úřad,Obecní úřad Víchová nad Jizerou,Víchová nad Jizerou ,8,Víchová nad Jizerou,51241,obecvichova@wo.cz; starostavichova@seznam.cz,481543098; 481540051,ano,ano,CZ00276251,,50.6300433,POINT(50.6300433  15.4876506),194,1724077.37837614,6556111.74019988
00263265,Višňová,Obec,Liberec,Frýdlant,I.,CZ0513,5102,564494,CZ051,34,www.ob-vis.net,rdfbjq9,Obecní úřad,Obecní úřad Višňová,Višňová ,184,Višňová,46401,visnova@ob-vis.net,482348005,ano,ano,CZ00263265,,50.9666317,POINT(50.9666317  15.0227025),195,1672319.59263884,6615393.37795421
00276260,Vítkovice,Obec,Semily,Jilemnice,I.,CZ0514,5104,577669,CZ051,35,www.vitkovicevkrk.cz,7mtbfp5,Obecní úřad,Obecní úřad Vítkovice,Vítkovice ,243,Vítkovice,51238,obec@vitkovicevkrk.cz,481582730,ano,ano,CZ00276260,,50.6754553,POINT(50.6754553  15.5347944),196,1729325.4021862,6564085.07004299
00525537,Vlastiboř,Obec,Jablonec nad Nisou,Železný Brod,I.,CZ0512,5110,563846,CZ051,35,www.obec-vlastibor.cz,u9qaudj,Obecní úřad,Obecní úřad Vlastiboř,Vlastiboř ,102,Vlastiboř,46822,obec.vlastibor@volny.cz,483385050,ne,ano,není plátce DPH,,50.6674583,POINT(50.6674583  15.3129594),197,1704630.84294607,6562680.41667075
00671878,Vlastibořice,Obec,Liberec,Turnov,I.,CZ0513,5109,564516,CZ051,34,www.vlastiborice.cz,de2bjp2,Obecní úřad,Obecní úřad Vlastibořice,Vlastibořice ,23,Vlastibořice,46344,info@vlastiborice.cz,485146025,ne,ano,není plátce DPH,,50.6182722,POINT(50.6182722  15.0521389),198,1675596.43769762,6554046.25585539
00261076,Volfartice,Obec,Česká Lípa,Česká Lípa,I.,CZ0511,5101,562220,CZ051,36,www.volfartice.cz,rveb7ah,Obecní úřad,Obecní úřad Volfartice,Volfartice ,59,Volfartice,47112,obec@volfartice.cz,487837134,ano,ano,není plátce DPH,,50.7354222,POINT(50.7354222  14.4488511),199,1608438.74699983,6574625.74246014
00673081,Vrchovany,Obec,Česká Lípa,Česká Lípa,I.,CZ0511,5101,562238,CZ051,36,www.obecvrchovany.cz,2y4bf95,Obecní úřad,Obecní úřad Vrchovany,Vrchovany ,26,Vrchovany,47201,starosta@obecvrchovany.cz,739891892,ne,ne,není plátce DPH,,50.5527867,POINT(50.5527867  14.5710186),200,1622038.37089132,6542564.88942296
00263303,Všelibice,Obec,Liberec,Liberec,I.,CZ0513,5105,564532,CZ051,36,www.vselibice.cz,npkbmc9,Obecní úřad,Obecní úřad Všelibice,Všelibice ,65,Všelibice,46348,obecniurad@vselibice.cz,485148835,ano,ano,CZ00263303,,50.6462600,POINT(50.6462600  14.9483758),201,1664045.58224249,6558958.14472369
00276278,Všeň,Obec,Semily,Turnov,I.,CZ0514,5109,577677,CZ051,38,www.vsen.cz,whibagi,Obecní úřad,Obecní úřad Všeň,Všeň ,10,Všeň,51265,vsen@vsen.cz,481329511,ano,ano,není plátce DPH,,50.5592111,POINT(50.5592111  15.1048892),202,1681468.57423282,6543690.5531961
00276286,Vyskeř,Obec,Semily,Turnov,I.,CZ0514,5109,577685,CZ051,38,www.vysker.cz,a3tjd6q,Obecní úřad,Obecní úřad Vyskeř,Vyskeř ,50,Vyskeř,51264,vysker@craj.cz,481329211,ne,ano,není plátce DPH,,50.5295094,POINT(50.5295094  15.1585556),203,1687442.69055353,6538487.59625489
00276294,Vysoké nad Jizerou,Město,Semily,Semily,I.,CZ0514,5107,577693,CZ051,35,www.vysokenadjizerou.cz,tcebaf5,Městský úřad,Městský úřad Vysoké nad Jizerou,náměstí Dr. Karla Kramáře ,227,Vysoké nad Jizerou,51211,mestsky.urad@vysokenadjizerou.cz; starosta@vysokenadjizerou.cz,481593903,ano,ano,CZ00276294,,50.6862083,POINT(50.6862083  15.4005478),204,1714381.13903347,6565974.18533374
00276308,Záhoří,Obec,Semily,Semily,I.,CZ0514,5107,577707,CZ051,35,www.obeczahori.cz,2vkbtd8,Obecní úřad,Obecní úřad Záhoří,Smrčí ,32,Záhoří,51301,ou@obeczahori.cz,481688153,ne,ano,není plátce DPH,,50.6221100,POINT(50.6221100  15.2667319),205,1699484.82118543,6554719.62089025
00261092,Zahrádky,Obec,Česká Lípa,Česká Lípa,I.,CZ0511,5101,562246,CZ051,36,www.zahradkycl.cz,gaqbvmb,Obecní úřad,Obecní úřad Zahrádky,Zahrádky ,108,Zahrádky,47101,obec@zahradkycl.cz,487877454,ano,ano,není plátce DPH,,50.6341161,POINT(50.6341161  14.5247314),206,1616885.70335707,6556826.51809904
00261114,Zákupy,Město,Česká Lípa,Česká Lípa,I.,CZ0511,5101,562262,CZ051,36,www.zakupy.cz,6jnbzui,Městský úřad,Městský úřad Zákupy,Borská ,5,Zákupy,47123,podatelna@mesto-zakupy.cz,487857171,ano,ano,CZ00261114,,50.6847464,POINT(50.6847464  14.6452625),207,1630303.16403382,6565717.32947468
00262617,Zásada,Městys,Jablonec nad Nisou,Železný Brod,I.,CZ0512,5110,563854,CZ051,35,www.zasada.cz,vsdbzum,Úřad městyse,Úřad městyse Zásada,Zásada ,188,Zásada,46825,starostka@zasada.cz; sekretariat@zasada.cz,483385188,ano,ano,není plátce DPH,,50.6955714,POINT(50.6955714  15.2743200),208,1700329.52461351,6567619.4719967
00481491,Zdislava,Městys,Liberec,Liberec,I.,CZ0513,5105,564541,CZ051,36,www.mestyszdislava.cz,q3han25,Úřad městyse,Úřad městyse Zdislava,Zdislava ,3,Zdislava,46353,podatelna@mestyszdislava.cz,485178172; 724179358,ne,ano,není plátce DPH,,50.7645456,POINT(50.7645456  14.8758508),209,1655972.13617271,6579749.77245685
00262625,Zlatá Olešnice,Obec,Jablonec nad Nisou,Tanvald,I.,CZ0512,5108,563862,CZ051,35,www.zlata-olesnice.cz,6p2bjx6,Obecní úřad,Obecní úřad Zlatá Olešnice,Zlatá Olešnice ,172,Zlatá Olešnice,46847,ou@zlata-olesnice.cz,483769190,ano,ano,CZ00262625,,50.7092275,POINT(50.7092275  15.3533150),210,1709123.20778873,6570019.71482774
00261131,Žandov,Město,Česká Lípa,Česká Lípa,I.,CZ0511,5101,562297,CZ051,36,www.zandov.cz,p7abaeq,Městský úřad,Městský úřad Žandov,Náměstí ,82,Žandov,47107,mu@zandov.cz,487723793,ano,ano,CZ00261131,,50.7140519,POINT(50.7140519  14.3965553),211,1602617.2051732,6570867.83499729
00671860,Žďárek,Obec,Liberec,Turnov,I.,CZ0513,5109,544604,CZ051,34,www.zdarek.net,5pzan6r,Obecní úřad,Obecní úřad Žďárek,Žďárek ,60,Žďárek,46344,zdarek@raz-dva.cz,485146023,ne,ano,není plátce DPH,,50.6377264,POINT(50.6377264  15.1120642),212,1682267.29157926,6557460.17886105
00673463,Ždírec,Obec,Česká Lípa,Česká Lípa,I.,CZ0511,5101,514195,CZ051,36,www.zdireckokorinsko.cz,4zwan3e,Obecní úřad,Obecní úřad Ždírec,Ždírec ,7,Ždírec,47201,urad@zdireckokorinsko.cz; starosta@zdireckokorinsko.cz,725071185,ne,ano,není plátce DPH,,50.5145444,POINT(50.5145444  14.6244808),213,1627989.75577201,6535867.36253638
00262633,Železný Brod,Město,Jablonec nad Nisou,Železný Brod,III.,CZ0512,5110,563871,CZ051,35,www.zelbrod.cz,zbgbryd,Městský úřad,Městský úřad Železný Brod,nám. 3. května,1,Železný Brod,46822,podatelna@zelbrod.cz,483333911,ano,ne,CZ00262633,,50.6426131,POINT(50.6426131  15.2541600),214,1698085.32367912,6558317.94413461
00580848,Žernov,Obec,Semily,Turnov,I.,CZ0514,5109,577723,CZ051,35,www.zernov.info,fqbavqr,Obecní úřad,Obecní úřad Žernov,Žernov ,7,Žernov,51263,urad@zernov.info,481382228; 604525744,ne,ne,není plátce DPH,,50.5567228,POINT(50.5567228  15.2696283),215,1699807.24695856,6543254.54265592
